item_id	level	deck_id	source_position	word	reading	meaning	hanviet	example_jp	example_vi	tags	status
N4-VOCAB-2001	N4	n4_vocab_jlpt	2001	紙	かみ	Giấy	CHỈ			source_pdf:TỔNG HỢP KANJI N4 ĐÃ XUẤT HIỆN TẠI JLPT. NEW - VDJ.pdf;page:2;question:1;item:1	ocr_ready
N4-VOCAB-2002	N4	n4_vocab_jlpt	2002	地理	ちり	Địa lý	ĐỊA LÍ			source_pdf:TỔNG HỢP KANJI N4 ĐÃ XUẤT HIỆN TẠI JLPT. NEW - VDJ.pdf;page:2;question:1;item:2	ocr_ready
N4-VOCAB-2003	N4	n4_vocab_jlpt	2003	泳ぐ	およぐ	Bơi	VỊNH			source_pdf:TỔNG HỢP KANJI N4 ĐÃ XUẤT HIỆN TẠI JLPT. NEW - VDJ.pdf;page:2;question:1;item:3	ocr_ready
N4-VOCAB-2004	N4	n4_vocab_jlpt	2004	運ぶ	はこぶ	Vận chuyển	VẬN			source_pdf:TỔNG HỢP KANJI N4 ĐÃ XUẤT HIỆN TẠI JLPT. NEW - VDJ.pdf;page:2;question:1;item:4	ocr_ready
N4-VOCAB-2005	N4	n4_vocab_jlpt	2005	特別	とくべつ	Đặc biệt	ĐẶC BIỆT			source_pdf:TỔNG HỢP KANJI N4 ĐÃ XUẤT HIỆN TẠI JLPT. NEW - VDJ.pdf;page:2;question:1;item:5	ocr_ready
N4-VOCAB-2006	N4	n4_vocab_jlpt	2006	軽い	かるい	Nhẹ	KHINH			source_pdf:TỔNG HỢP KANJI N4 ĐÃ XUẤT HIỆN TẠI JLPT. NEW - VDJ.pdf;page:2;question:1;item:6	ocr_ready
N4-VOCAB-2007	N4	n4_vocab_jlpt	2007	色	いろ	Màu sắc	SẮC			source_pdf:TỔNG HỢP KANJI N4 ĐÃ XUẤT HIỆN TẠI JLPT. NEW - VDJ.pdf;page:2;question:1;item:7	ocr_ready
N4-VOCAB-2008	N4	n4_vocab_jlpt	2008	動く	うごく	Hoạt động, di chuyển	ĐỘNG			source_pdf:TỔNG HỢP KANJI N4 ĐÃ XUẤT HIỆN TẠI JLPT. NEW - VDJ.pdf;page:2;question:2;item:1	ocr_ready
N4-VOCAB-2009	N4	n4_vocab_jlpt	2009	夕飯	ゆうはん	Cơm tối	TỊCH PHẠN			source_pdf:TỔNG HỢP KANJI N4 ĐÃ XUẤT HIỆN TẠI JLPT. NEW - VDJ.pdf;page:2;question:2;item:2	ocr_ready
N4-VOCAB-2010	N4	n4_vocab_jlpt	2010	考える	かんがえる	Suy nghĩ	KHẢO			source_pdf:TỔNG HỢP KANJI N4 ĐÃ XUẤT HIỆN TẠI JLPT. NEW - VDJ.pdf;page:2;question:2;item:3	ocr_ready
N4-VOCAB-2011	N4	n4_vocab_jlpt	2011	工場	こうじょう	Nhà máy, xưởng	CÔNG TRƯỜNG			source_pdf:TỔNG HỢP KANJI N4 ĐÃ XUẤT HIỆN TẠI JLPT. NEW - VDJ.pdf;page:2;question:2;item:4	ocr_ready
N4-VOCAB-2012	N4	n4_vocab_jlpt	2012	遠い	とおい	Xa	VIỄN			source_pdf:TỔNG HỢP KANJI N4 ĐÃ XUẤT HIỆN TẠI JLPT. NEW - VDJ.pdf;page:2;question:2;item:5	ocr_ready
N4-VOCAB-2013	N4	n4_vocab_jlpt	2013	集める	あつめる	Sưu tầm, gom	TẬP			source_pdf:TỔNG HỢP KANJI N4 ĐÃ XUẤT HIỆN TẠI JLPT. NEW - VDJ.pdf;page:3;question:1;item:1	ocr_ready
N4-VOCAB-2014	N4	n4_vocab_jlpt	2014	姉	あね	Chị gái	TỶ			source_pdf:TỔNG HỢP KANJI N4 ĐÃ XUẤT HIỆN TẠI JLPT. NEW - VDJ.pdf;page:3;question:1;item:2	ocr_ready
N4-VOCAB-2015	N4	n4_vocab_jlpt	2015	光る	ひかる	Phát sáng	QUANG			source_pdf:TỔNG HỢP KANJI N4 ĐÃ XUẤT HIỆN TẠI JLPT. NEW - VDJ.pdf;page:3;question:1;item:3	ocr_ready
N4-VOCAB-2016	N4	n4_vocab_jlpt	2016	今度	こんど	Lần này	KIM ĐỘ			source_pdf:TỔNG HỢP KANJI N4 ĐÃ XUẤT HIỆN TẠI JLPT. NEW - VDJ.pdf;page:3;question:1;item:4	ocr_ready
N4-VOCAB-2017	N4	n4_vocab_jlpt	2017	赤い	あかい	Đỏ	XÍCH			source_pdf:TỔNG HỢP KANJI N4 ĐÃ XUẤT HIỆN TẠI JLPT. NEW - VDJ.pdf;page:3;question:1;item:5	ocr_ready
N4-VOCAB-2018	N4	n4_vocab_jlpt	2018	火	ひ	Lửa	HỎA			source_pdf:TỔNG HỢP KANJI N4 ĐÃ XUẤT HIỆN TẠI JLPT. NEW - VDJ.pdf;page:3;question:1;item:6	ocr_ready
N4-VOCAB-2019	N4	n4_vocab_jlpt	2019	生産	せいさん	Sản xuất	SINH SẢN			source_pdf:TỔNG HỢP KANJI N4 ĐÃ XUẤT HIỆN TẠI JLPT. NEW - VDJ.pdf;page:3;question:1;item:7	ocr_ready
N4-VOCAB-2020	N4	n4_vocab_jlpt	2020	明るい	あかるい	Sáng, tươi tắn	MINH			source_pdf:TỔNG HỢP KANJI N4 ĐÃ XUẤT HIỆN TẠI JLPT. NEW - VDJ.pdf;page:3;question:2;item:1	ocr_ready
N4-VOCAB-2021	N4	n4_vocab_jlpt	2021	運転	うんてん	Lái xe	VẬN CHUYỂN			source_pdf:TỔNG HỢP KANJI N4 ĐÃ XUẤT HIỆN TẠI JLPT. NEW - VDJ.pdf;page:3;question:2;item:2	ocr_ready
N4-VOCAB-2022	N4	n4_vocab_jlpt	2022	味	あじ	Vị	VỊ			source_pdf:TỔNG HỢP KANJI N4 ĐÃ XUẤT HIỆN TẠI JLPT. NEW - VDJ.pdf;page:3;question:2;item:3	ocr_ready
N4-VOCAB-2023	N4	n4_vocab_jlpt	2023	終わる	おわる	Kết thúc	CHUNG			source_pdf:TỔNG HỢP KANJI N4 ĐÃ XUẤT HIỆN TẠI JLPT. NEW - VDJ.pdf;page:3;question:2;item:4	ocr_ready
N4-VOCAB-2024	N4	n4_vocab_jlpt	2024	反対	はんたい	Phản đối	PHẢN ĐỐI			source_pdf:TỔNG HỢP KANJI N4 ĐÃ XUẤT HIỆN TẠI JLPT. NEW - VDJ.pdf;page:3;question:2;item:5	ocr_ready
N4-VOCAB-2025	N4	n4_vocab_jlpt	2025	工事	こうじ	Thi công	CÔNG SỰ			source_pdf:TỔNG HỢP KANJI N4 ĐÃ XUẤT HIỆN TẠI JLPT. NEW - VDJ.pdf;page:4;question:1;item:1	ocr_ready
N4-VOCAB-2026	N4	n4_vocab_jlpt	2026	持つ	もつ	Cầm, nắm, có	TRÌ			source_pdf:TỔNG HỢP KANJI N4 ĐÃ XUẤT HIỆN TẠI JLPT. NEW - VDJ.pdf;page:4;question:1;item:2	ocr_ready
N4-VOCAB-2027	N4	n4_vocab_jlpt	2027	体	からだ	Cơ thể, người	THỂ			source_pdf:TỔNG HỢP KANJI N4 ĐÃ XUẤT HIỆN TẠI JLPT. NEW - VDJ.pdf;page:4;question:1;item:3	ocr_ready
N4-VOCAB-2028	N4	n4_vocab_jlpt	2028	入院	にゅういん	Nhập viện	NHẬP VIỆN			source_pdf:TỔNG HỢP KANJI N4 ĐÃ XUẤT HIỆN TẠI JLPT. NEW - VDJ.pdf;page:4;question:1;item:4	ocr_ready
N4-VOCAB-2029	N4	n4_vocab_jlpt	2029	広い	ひろい	Rộng, rộng rãi	QUẢNG			source_pdf:TỔNG HỢP KANJI N4 ĐÃ XUẤT HIỆN TẠI JLPT. NEW - VDJ.pdf;page:4;question:1;item:5	ocr_ready
N4-VOCAB-2030	N4	n4_vocab_jlpt	2030	考える	かんがえる	Suy nghĩ	KHẢO			source_pdf:TỔNG HỢP KANJI N4 ĐÃ XUẤT HIỆN TẠI JLPT. NEW - VDJ.pdf;page:4;question:1;item:6	ocr_ready
N4-VOCAB-2031	N4	n4_vocab_jlpt	2031	親指	おやゆび	Ngón tay cái	THÂN CHỈ			source_pdf:TỔNG HỢP KANJI N4 ĐÃ XUẤT HIỆN TẠI JLPT. NEW - VDJ.pdf;page:4;question:1;item:7	ocr_ready
N4-VOCAB-2032	N4	n4_vocab_jlpt	2032	寒い	さむい	Lạnh	HÀN			source_pdf:TỔNG HỢP KANJI N4 ĐÃ XUẤT HIỆN TẠI JLPT. NEW - VDJ.pdf;page:4;question:2;item:1	ocr_ready
N4-VOCAB-2033	N4	n4_vocab_jlpt	2033	朝	あさ	Buổi sáng	TRIỀU			source_pdf:TỔNG HỢP KANJI N4 ĐÃ XUẤT HIỆN TẠI JLPT. NEW - VDJ.pdf;page:4;question:2;item:2	ocr_ready
N4-VOCAB-2034	N4	n4_vocab_jlpt	2034	説明	せつめい	Giải thích	THUYẾT MINH			source_pdf:TỔNG HỢP KANJI N4 ĐÃ XUẤT HIỆN TẠI JLPT. NEW - VDJ.pdf;page:4;question:2;item:3	ocr_ready
N4-VOCAB-2035	N4	n4_vocab_jlpt	2035	空港	くうこう	Sân bay	KHÔNG CẢNG			source_pdf:TỔNG HỢP KANJI N4 ĐÃ XUẤT HIỆN TẠI JLPT. NEW - VDJ.pdf;page:4;question:2;item:4	ocr_ready
N4-VOCAB-2036	N4	n4_vocab_jlpt	2036	走る	はしる	Chạy	TẨU			source_pdf:TỔNG HỢP KANJI N4 ĐÃ XUẤT HIỆN TẠI JLPT. NEW - VDJ.pdf;page:4;question:2;item:5	ocr_ready
N4-VOCAB-2037	N4	n4_vocab_jlpt	2037	待つ	まつ	Đợi	ĐÃI			source_pdf:TỔNG HỢP KANJI N4 ĐÃ XUẤT HIỆN TẠI JLPT. NEW - VDJ.pdf;page:5;question:1;item:1	ocr_ready
N4-VOCAB-2038	N4	n4_vocab_jlpt	2038	薬	くすり	Thuốc	DƯỢC			source_pdf:TỔNG HỢP KANJI N4 ĐÃ XUẤT HIỆN TẠI JLPT. NEW - VDJ.pdf;page:5;question:1;item:2	ocr_ready
N4-VOCAB-2039	N4	n4_vocab_jlpt	2039	早い	はやい	Sớm	TẢO			source_pdf:TỔNG HỢP KANJI N4 ĐÃ XUẤT HIỆN TẠI JLPT. NEW - VDJ.pdf;page:5;question:1;item:3	ocr_ready
N4-VOCAB-2040	N4	n4_vocab_jlpt	2040	海	うみ	Biển	HẢI			source_pdf:TỔNG HỢP KANJI N4 ĐÃ XUẤT HIỆN TẠI JLPT. NEW - VDJ.pdf;page:5;question:1;item:4	ocr_ready
N4-VOCAB-2041	N4	n4_vocab_jlpt	2041	一度	いちど	Một lần	NHẤT ĐỘ			source_pdf:TỔNG HỢP KANJI N4 ĐÃ XUẤT HIỆN TẠI JLPT. NEW - VDJ.pdf;page:5;question:1;item:5	ocr_ready
N4-VOCAB-2042	N4	n4_vocab_jlpt	2042	教える	おしえる	Dạy	GIÁO			source_pdf:TỔNG HỢP KANJI N4 ĐÃ XUẤT HIỆN TẠI JLPT. NEW - VDJ.pdf;page:5;question:1;item:6	ocr_ready
N4-VOCAB-2043	N4	n4_vocab_jlpt	2043	予報	よほう	Dự báo	DƯ BÁO			source_pdf:TỔNG HỢP KANJI N4 ĐÃ XUẤT HIỆN TẠI JLPT. NEW - VDJ.pdf;page:5;question:1;item:7	ocr_ready
N4-VOCAB-2044	N4	n4_vocab_jlpt	2044	暑い	あつい	Nóng	THỬ			source_pdf:TỔNG HỢP KANJI N4 ĐÃ XUẤT HIỆN TẠI JLPT. NEW - VDJ.pdf;page:5;question:2;item:1	ocr_ready
N4-VOCAB-2045	N4	n4_vocab_jlpt	2045	動く	うごく	Chuyển động	ĐỘNG			source_pdf:TỔNG HỢP KANJI N4 ĐÃ XUẤT HIỆN TẠI JLPT. NEW - VDJ.pdf;page:5;question:2;item:2	ocr_ready
N4-VOCAB-2046	N4	n4_vocab_jlpt	2046	以下	いか	Trở xuống	DĨ HẠ			source_pdf:TỔNG HỢP KANJI N4 ĐÃ XUẤT HIỆN TẠI JLPT. NEW - VDJ.pdf;page:5;question:2;item:3	ocr_ready
N4-VOCAB-2047	N4	n4_vocab_jlpt	2047	音	おと	Âm thanh	ÂM			source_pdf:TỔNG HỢP KANJI N4 ĐÃ XUẤT HIỆN TẠI JLPT. NEW - VDJ.pdf;page:5;question:2;item:4	ocr_ready
N4-VOCAB-2048	N4	n4_vocab_jlpt	2048	交通	こうつう	Giao thông	GIAO THÔNG			source_pdf:TỔNG HỢP KANJI N4 ĐÃ XUẤT HIỆN TẠI JLPT. NEW - VDJ.pdf;page:5;question:2;item:5	ocr_ready
N4-VOCAB-2049	N4	n4_vocab_jlpt	2049	白い	しろい	Trắng	BẠCH			source_pdf:TỔNG HỢP KANJI N4 ĐÃ XUẤT HIỆN TẠI JLPT. NEW - VDJ.pdf;page:6;question:1;item:1	ocr_ready
N4-VOCAB-2050	N4	n4_vocab_jlpt	2050	最近	さいきん	Gần đây	TỐI CẬN			source_pdf:TỔNG HỢP KANJI N4 ĐÃ XUẤT HIỆN TẠI JLPT. NEW - VDJ.pdf;page:6;question:1;item:2	ocr_ready
N4-VOCAB-2051	N4	n4_vocab_jlpt	2051	色	いろ	Màu sắc	SẮC			source_pdf:TỔNG HỢP KANJI N4 ĐÃ XUẤT HIỆN TẠI JLPT. NEW - VDJ.pdf;page:6;question:1;item:3	ocr_ready
N4-VOCAB-2052	N4	n4_vocab_jlpt	2052	足りない	たりない	Không đủ	TÚC			source_pdf:TỔNG HỢP KANJI N4 ĐÃ XUẤT HIỆN TẠI JLPT. NEW - VDJ.pdf;page:6;question:1;item:4	ocr_ready
N4-VOCAB-2053	N4	n4_vocab_jlpt	2053	都合	つごう	Thuận tiện (thời gian)	ĐÔ HỢP			source_pdf:TỔNG HỢP KANJI N4 ĐÃ XUẤT HIỆN TẠI JLPT. NEW - VDJ.pdf;page:6;question:1;item:5	ocr_ready
N4-VOCAB-2054	N4	n4_vocab_jlpt	2054	着く	つく	Đến nơi	TRÚ/TRƯỚC			source_pdf:TỔNG HỢP KANJI N4 ĐÃ XUẤT HIỆN TẠI JLPT. NEW - VDJ.pdf;page:6;question:1;item:6	ocr_ready
N4-VOCAB-2055	N4	n4_vocab_jlpt	2055	糸	いと	Sợi chỉ	MỊCH			source_pdf:TỔNG HỢP KANJI N4 ĐÃ XUẤT HIỆN TẠI JLPT. NEW - VDJ.pdf;page:6;question:1;item:7	ocr_ready
N4-VOCAB-2056	N4	n4_vocab_jlpt	2056	待つ	まつ	Đợi	ĐÃI			source_pdf:TỔNG HỢP KANJI N4 ĐÃ XUẤT HIỆN TẠI JLPT. NEW - VDJ.pdf;page:6;question:2;item:1	ocr_ready
N4-VOCAB-2057	N4	n4_vocab_jlpt	2057	兄	あに	Anh trai	HUYNH			source_pdf:TỔNG HỢP KANJI N4 ĐÃ XUẤT HIỆN TẠI JLPT. NEW - VDJ.pdf;page:6;question:2;item:2	ocr_ready
N4-VOCAB-2058	N4	n4_vocab_jlpt	2058	工場	こうじょう	Nhà máy, xưởng	CÔNG TRƯỜNG			source_pdf:TỔNG HỢP KANJI N4 ĐÃ XUẤT HIỆN TẠI JLPT. NEW - VDJ.pdf;page:6;question:2;item:3	ocr_ready
N4-VOCAB-2059	N4	n4_vocab_jlpt	2059	弱い	よわい	Yếu	NHƯỢC			source_pdf:TỔNG HỢP KANJI N4 ĐÃ XUẤT HIỆN TẠI JLPT. NEW - VDJ.pdf;page:6;question:2;item:4	ocr_ready
N4-VOCAB-2060	N4	n4_vocab_jlpt	2060	経験	けいけん	Kinh nghiệm/Trải nghiệm	KINH NGHIỆM			source_pdf:TỔNG HỢP KANJI N4 ĐÃ XUẤT HIỆN TẠI JLPT. NEW - VDJ.pdf;page:6;question:2;item:5	ocr_ready
N4-VOCAB-2061	N4	n4_vocab_jlpt	2061	二台	にだい	2 cái (đếm máy)	NHỊ ĐÀI			source_pdf:TỔNG HỢP KANJI N4 ĐÃ XUẤT HIỆN TẠI JLPT. NEW - VDJ.pdf;page:7;question:1;item:1	ocr_ready
N4-VOCAB-2062	N4	n4_vocab_jlpt	2062	親指	おやゆび	Ngón tay cái	THÂN CHỈ			source_pdf:TỔNG HỢP KANJI N4 ĐÃ XUẤT HIỆN TẠI JLPT. NEW - VDJ.pdf;page:7;question:1;item:2	ocr_ready
N4-VOCAB-2063	N4	n4_vocab_jlpt	2063	使う	つかう	Sử dụng	SỬ			source_pdf:TỔNG HỢP KANJI N4 ĐÃ XUẤT HIỆN TẠI JLPT. NEW - VDJ.pdf;page:7;question:1;item:3	ocr_ready
N4-VOCAB-2064	N4	n4_vocab_jlpt	2064	区	く	Khu, quận	KHU			source_pdf:TỔNG HỢP KANJI N4 ĐÃ XUẤT HIỆN TẠI JLPT. NEW - VDJ.pdf;page:7;question:1;item:4	ocr_ready
N4-VOCAB-2065	N4	n4_vocab_jlpt	2065	野菜	やさい	Rau củ	DÃ THÁI			source_pdf:TỔNG HỢP KANJI N4 ĐÃ XUẤT HIỆN TẠI JLPT. NEW - VDJ.pdf;page:7;question:1;item:5	ocr_ready
N4-VOCAB-2066	N4	n4_vocab_jlpt	2066	暗い	くらい	Tối	ÁM			source_pdf:TỔNG HỢP KANJI N4 ĐÃ XUẤT HIỆN TẠI JLPT. NEW - VDJ.pdf;page:7;question:1;item:6	ocr_ready
N4-VOCAB-2067	N4	n4_vocab_jlpt	2067	押す	おす	Ấn, nhấn, đẩy	ÁP			source_pdf:TỔNG HỢP KANJI N4 ĐÃ XUẤT HIỆN TẠI JLPT. NEW - VDJ.pdf;page:7;question:1;item:7	ocr_ready
N4-VOCAB-2068	N4	n4_vocab_jlpt	2068	寒い	さむい	Lạnh	HÀN			source_pdf:TỔNG HỢP KANJI N4 ĐÃ XUẤT HIỆN TẠI JLPT. NEW - VDJ.pdf;page:7;question:2;item:1	ocr_ready
N4-VOCAB-2069	N4	n4_vocab_jlpt	2069	日記	にっき	Nhật ký	NHẬT KÍ			source_pdf:TỔNG HỢP KANJI N4 ĐÃ XUẤT HIỆN TẠI JLPT. NEW - VDJ.pdf;page:7;question:2;item:2	ocr_ready
N4-VOCAB-2070	N4	n4_vocab_jlpt	2070	重い	おもい	Nặng	TRỌNG			source_pdf:TỔNG HỢP KANJI N4 ĐÃ XUẤT HIỆN TẠI JLPT. NEW - VDJ.pdf;page:7;question:2;item:3	ocr_ready
N4-VOCAB-2071	N4	n4_vocab_jlpt	2071	決まる	きまる	Quyết định	QUYẾT			source_pdf:TỔNG HỢP KANJI N4 ĐÃ XUẤT HIỆN TẠI JLPT. NEW - VDJ.pdf;page:7;question:2;item:4	ocr_ready
N4-VOCAB-2072	N4	n4_vocab_jlpt	2072	交通	こうつう	Giao thông	GIAO THÔNG			source_pdf:TỔNG HỢP KANJI N4 ĐÃ XUẤT HIỆN TẠI JLPT. NEW - VDJ.pdf;page:7;question:2;item:5	ocr_ready
N4-VOCAB-2073	N4	n4_vocab_jlpt	2073	出発	しゅっぱつ	Xuất phát	XUẤT PHÁT			source_pdf:TỔNG HỢP KANJI N4 ĐÃ XUẤT HIỆN TẠI JLPT. NEW - VDJ.pdf;page:8;question:1;item:1	ocr_ready
N4-VOCAB-2074	N4	n4_vocab_jlpt	2074	答え	こたえ	Câu trả lời	ĐÁP			source_pdf:TỔNG HỢP KANJI N4 ĐÃ XUẤT HIỆN TẠI JLPT. NEW - VDJ.pdf;page:8;question:1;item:2	ocr_ready
N4-VOCAB-2075	N4	n4_vocab_jlpt	2075	心	こころ	Trái tim	TÂM			source_pdf:TỔNG HỢP KANJI N4 ĐÃ XUẤT HIỆN TẠI JLPT. NEW - VDJ.pdf;page:8;question:1;item:3	ocr_ready
N4-VOCAB-2076	N4	n4_vocab_jlpt	2076	最後	さいご	Cuối cùng	TỐI HẬU			source_pdf:TỔNG HỢP KANJI N4 ĐÃ XUẤT HIỆN TẠI JLPT. NEW - VDJ.pdf;page:8;question:1;item:4	ocr_ready
N4-VOCAB-2077	N4	n4_vocab_jlpt	2077	遠い	とおい	Xa	VIỄN			source_pdf:TỔNG HỢP KANJI N4 ĐÃ XUẤT HIỆN TẠI JLPT. NEW - VDJ.pdf;page:8;question:1;item:5	ocr_ready
N4-VOCAB-2078	N4	n4_vocab_jlpt	2078	冬	ふゆ	Mùa đông	ĐÔNG			source_pdf:TỔNG HỢP KANJI N4 ĐÃ XUẤT HIỆN TẠI JLPT. NEW - VDJ.pdf;page:8;question:1;item:6	ocr_ready
N4-VOCAB-2079	N4	n4_vocab_jlpt	2079	予習	よしゅう	Soạn bài	DƯ TẬP			source_pdf:TỔNG HỢP KANJI N4 ĐÃ XUẤT HIỆN TẠI JLPT. NEW - VDJ.pdf;page:8;question:1;item:7	ocr_ready
N4-VOCAB-2080	N4	n4_vocab_jlpt	2080	映画	えいが	Phim	ÁNH HỌA			source_pdf:TỔNG HỢP KANJI N4 ĐÃ XUẤT HIỆN TẠI JLPT. NEW - VDJ.pdf;page:8;question:2;item:1	ocr_ready
N4-VOCAB-2081	N4	n4_vocab_jlpt	2081	作る	つくる	Tạo ra, làm	TÁC			source_pdf:TỔNG HỢP KANJI N4 ĐÃ XUẤT HIỆN TẠI JLPT. NEW - VDJ.pdf;page:8;question:2;item:2	ocr_ready
N4-VOCAB-2082	N4	n4_vocab_jlpt	2082	運動	うんどう	Vận động	VẬN ĐỘNG			source_pdf:TỔNG HỢP KANJI N4 ĐÃ XUẤT HIỆN TẠI JLPT. NEW - VDJ.pdf;page:8;question:2;item:3	ocr_ready
N4-VOCAB-2083	N4	n4_vocab_jlpt	2083	船	ふね	Thuyền	THUYỀN			source_pdf:TỔNG HỢP KANJI N4 ĐÃ XUẤT HIỆN TẠI JLPT. NEW - VDJ.pdf;page:8;question:2;item:4	ocr_ready
N4-VOCAB-2084	N4	n4_vocab_jlpt	2084	以上	いじょう	Trên	DĨ THƯỢNG			source_pdf:TỔNG HỢP KANJI N4 ĐÃ XUẤT HIỆN TẠI JLPT. NEW - VDJ.pdf;page:9;question:1;item:1	ocr_ready
N4-VOCAB-2085	N4	n4_vocab_jlpt	2085	近い	ちかい	Gần	CẬN			source_pdf:TỔNG HỢP KANJI N4 ĐÃ XUẤT HIỆN TẠI JLPT. NEW - VDJ.pdf;page:9;question:1;item:2	ocr_ready
N4-VOCAB-2086	N4	n4_vocab_jlpt	2086	都合	つごう	Thuận tiện (thời gian)	ĐÔ HỢP			source_pdf:TỔNG HỢP KANJI N4 ĐÃ XUẤT HIỆN TẠI JLPT. NEW - VDJ.pdf;page:9;question:1;item:3	ocr_ready
N4-VOCAB-2087	N4	n4_vocab_jlpt	2087	引く	ひく	Kéo	DẪN			source_pdf:TỔNG HỢP KANJI N4 ĐÃ XUẤT HIỆN TẠI JLPT. NEW - VDJ.pdf;page:9;question:1;item:4	ocr_ready
N4-VOCAB-2088	N4	n4_vocab_jlpt	2088	女性	じょせい	Nữ giới	NỮ TÍNH			source_pdf:TỔNG HỢP KANJI N4 ĐÃ XUẤT HIỆN TẠI JLPT. NEW - VDJ.pdf;page:9;question:1;item:5	ocr_ready
N4-VOCAB-2089	N4	n4_vocab_jlpt	2089	習う	ならう	Học tập	TẬP			source_pdf:TỔNG HỢP KANJI N4 ĐÃ XUẤT HIỆN TẠI JLPT. NEW - VDJ.pdf;page:9;question:1;item:6	ocr_ready
N4-VOCAB-2090	N4	n4_vocab_jlpt	2090	お姉さん	おねえさん	Chị gái	TỶ			source_pdf:TỔNG HỢP KANJI N4 ĐÃ XUẤT HIỆN TẠI JLPT. NEW - VDJ.pdf;page:9;question:1;item:7	ocr_ready
N4-VOCAB-2091	N4	n4_vocab_jlpt	2091	夜	よる	Buổi tối	DẠ			source_pdf:TỔNG HỢP KANJI N4 ĐÃ XUẤT HIỆN TẠI JLPT. NEW - VDJ.pdf;page:9;question:2;item:1	ocr_ready
N4-VOCAB-2092	N4	n4_vocab_jlpt	2092	白い	しろい	Trắng	BẠCH			source_pdf:TỔNG HỢP KANJI N4 ĐÃ XUẤT HIỆN TẠI JLPT. NEW - VDJ.pdf;page:9;question:2;item:2	ocr_ready
N4-VOCAB-2093	N4	n4_vocab_jlpt	2093	食堂	しょくどう	Nhà ăn	THỰC ĐƯỜNG			source_pdf:TỔNG HỢP KANJI N4 ĐÃ XUẤT HIỆN TẠI JLPT. NEW - VDJ.pdf;page:9;question:2;item:3	ocr_ready
N4-VOCAB-2094	N4	n4_vocab_jlpt	2094	閉める	しめる	Đóng	BẾ			source_pdf:TỔNG HỢP KANJI N4 ĐÃ XUẤT HIỆN TẠI JLPT. NEW - VDJ.pdf;page:9;question:2;item:4	ocr_ready
N4-VOCAB-2095	N4	n4_vocab_jlpt	2095	親切	しんせつ	Tốt bụng	THÂN THIẾT			source_pdf:TỔNG HỢP KANJI N4 ĐÃ XUẤT HIỆN TẠI JLPT. NEW - VDJ.pdf;page:9;question:2;item:5	ocr_ready
N4-VOCAB-2096	N4	n4_vocab_jlpt	2096	楽しい	たのしい	Vui	LẠC/NHẠC			source_pdf:TỔNG HỢP KANJI N4 ĐÃ XUẤT HIỆN TẠI JLPT. NEW - VDJ.pdf;page:10;question:1;item:1	ocr_ready
N4-VOCAB-2097	N4	n4_vocab_jlpt	2097	味	あじ	Vị	VỊ			source_pdf:TỔNG HỢP KANJI N4 ĐÃ XUẤT HIỆN TẠI JLPT. NEW - VDJ.pdf;page:10;question:1;item:2	ocr_ready
N4-VOCAB-2098	N4	n4_vocab_jlpt	2098	不便	ふべん	Bất tiện	BẤT TIỆN			source_pdf:TỔNG HỢP KANJI N4 ĐÃ XUẤT HIỆN TẠI JLPT. NEW - VDJ.pdf;page:10;question:1;item:3	ocr_ready
N4-VOCAB-2099	N4	n4_vocab_jlpt	2099	切る	きる	Cắt	THIẾT			source_pdf:TỔNG HỢP KANJI N4 ĐÃ XUẤT HIỆN TẠI JLPT. NEW - VDJ.pdf;page:10;question:1;item:4	ocr_ready
N4-VOCAB-2100	N4	n4_vocab_jlpt	2100	以外	いがい	Ngoài ra	DĨ NGOẠI			source_pdf:TỔNG HỢP KANJI N4 ĐÃ XUẤT HIỆN TẠI JLPT. NEW - VDJ.pdf;page:10;question:1;item:5	ocr_ready
N4-VOCAB-2101	N4	n4_vocab_jlpt	2101	雲	くも	Mây	VÂN			source_pdf:TỔNG HỢP KANJI N4 ĐÃ XUẤT HIỆN TẠI JLPT. NEW - VDJ.pdf;page:10;question:1;item:6	ocr_ready
N4-VOCAB-2102	N4	n4_vocab_jlpt	2102	急行	きゅうこう	Tàu tốc hành	CẤP HÀNH			source_pdf:TỔNG HỢP KANJI N4 ĐÃ XUẤT HIỆN TẠI JLPT. NEW - VDJ.pdf;page:10;question:1;item:7	ocr_ready
N4-VOCAB-2103	N4	n4_vocab_jlpt	2103	写す	うつす	Chụp, chép lại	TẢ			source_pdf:TỔNG HỢP KANJI N4 ĐÃ XUẤT HIỆN TẠI JLPT. NEW - VDJ.pdf;page:10;question:1;item:8	ocr_ready
N4-VOCAB-2104	N4	n4_vocab_jlpt	2104	反対	はんたい	Phản đối	PHẢN ĐỐI			source_pdf:TỔNG HỢP KANJI N4 ĐÃ XUẤT HIỆN TẠI JLPT. NEW - VDJ.pdf;page:10;question:1;item:9	ocr_ready
N4-VOCAB-2105	N4	n4_vocab_jlpt	2105	黒い	くろい	Đen	HẮC			source_pdf:TỔNG HỢP KANJI N4 ĐÃ XUẤT HIỆN TẠI JLPT. NEW - VDJ.pdf;page:10;question:2;item:1	ocr_ready
N4-VOCAB-2106	N4	n4_vocab_jlpt	2106	計画	けいかく	Kế hoạch	KẾ HOẠCH			source_pdf:TỔNG HỢP KANJI N4 ĐÃ XUẤT HIỆN TẠI JLPT. NEW - VDJ.pdf;page:10;question:2;item:2	ocr_ready
N4-VOCAB-2107	N4	n4_vocab_jlpt	2107	医者	いしゃ	Bác sĩ	Y GIẢ			source_pdf:TỔNG HỢP KANJI N4 ĐÃ XUẤT HIỆN TẠI JLPT. NEW - VDJ.pdf;page:10;question:2;item:3	ocr_ready
N4-VOCAB-2108	N4	n4_vocab_jlpt	2108	夜	よる	Buổi tối	DẠ			source_pdf:TỔNG HỢP KANJI N4 ĐÃ XUẤT HIỆN TẠI JLPT. NEW - VDJ.pdf;page:10;question:2;item:4	ocr_ready
N4-VOCAB-2109	N4	n4_vocab_jlpt	2109	貸す	かす	Cho vay	THẢI			source_pdf:TỔNG HỢP KANJI N4 ĐÃ XUẤT HIỆN TẠI JLPT. NEW - VDJ.pdf;page:10;question:2;item:5	ocr_ready
N4-VOCAB-2110	N4	n4_vocab_jlpt	2110	試合	しあい	Trận đấu	THÍ HỢP			source_pdf:TỔNG HỢP KANJI N4 ĐÃ XUẤT HIỆN TẠI JLPT. NEW - VDJ.pdf;page:10;question:2;item:6	ocr_ready
N4-VOCAB-2111	N4	n4_vocab_jlpt	2111	石	いし	Đá	THẠCH			source_pdf:TỔNG HỢP KANJI N4 ĐÃ XUẤT HIỆN TẠI JLPT. NEW - VDJ.pdf;page:11;question:1;item:1	ocr_ready
N4-VOCAB-2112	N4	n4_vocab_jlpt	2112	経験	けいけん	Kinh nghiệm/trải nghiệm	KINH NGHIỆM			source_pdf:TỔNG HỢP KANJI N4 ĐÃ XUẤT HIỆN TẠI JLPT. NEW - VDJ.pdf;page:11;question:1;item:2	ocr_ready
N4-VOCAB-2113	N4	n4_vocab_jlpt	2113	店員	てんいん	Nhân viên cửa hàng	ĐIỂM VIÊN			source_pdf:TỔNG HỢP KANJI N4 ĐÃ XUẤT HIỆN TẠI JLPT. NEW - VDJ.pdf;page:11;question:1;item:3	ocr_ready
N4-VOCAB-2114	N4	n4_vocab_jlpt	2114	食堂	しょくどう	Nhà ăn	THỰC ĐƯỜNG			source_pdf:TỔNG HỢP KANJI N4 ĐÃ XUẤT HIỆN TẠI JLPT. NEW - VDJ.pdf;page:11;question:1;item:4	ocr_ready
N4-VOCAB-2115	N4	n4_vocab_jlpt	2115	港	みなと	Cảng	CẢNG			source_pdf:TỔNG HỢP KANJI N4 ĐÃ XUẤT HIỆN TẠI JLPT. NEW - VDJ.pdf;page:11;question:1;item:5	ocr_ready
N4-VOCAB-2116	N4	n4_vocab_jlpt	2116	小説	しょうせつ	Tiểu thuyết	TIỂU THUYẾT			source_pdf:TỔNG HỢP KANJI N4 ĐÃ XUẤT HIỆN TẠI JLPT. NEW - VDJ.pdf;page:11;question:1;item:6	ocr_ready
N4-VOCAB-2117	N4	n4_vocab_jlpt	2117	日記	にっき	Nhật ký	NHẬT KÍ			source_pdf:TỔNG HỢP KANJI N4 ĐÃ XUẤT HIỆN TẠI JLPT. NEW - VDJ.pdf;page:11;question:1;item:7	ocr_ready
N4-VOCAB-2118	N4	n4_vocab_jlpt	2118	夕方	ゆうがた	Chiều tối	TỊCH PHƯƠNG			source_pdf:TỔNG HỢP KANJI N4 ĐÃ XUẤT HIỆN TẠI JLPT. NEW - VDJ.pdf;page:11;question:1;item:8	ocr_ready
N4-VOCAB-2119	N4	n4_vocab_jlpt	2119	秋	あき	Mùa thu	THU			source_pdf:TỔNG HỢP KANJI N4 ĐÃ XUẤT HIỆN TẠI JLPT. NEW - VDJ.pdf;page:11;question:1;item:9	ocr_ready
N4-VOCAB-2120	N4	n4_vocab_jlpt	2120	青い	あおい	Xanh da trời	THANH			source_pdf:TỔNG HỢP KANJI N4 ĐÃ XUẤT HIỆN TẠI JLPT. NEW - VDJ.pdf;page:11;question:2;item:1	ocr_ready
N4-VOCAB-2121	N4	n4_vocab_jlpt	2121	場所	ばしょ	Địa điểm	TRƯỜNG SỞ			source_pdf:TỔNG HỢP KANJI N4 ĐÃ XUẤT HIỆN TẠI JLPT. NEW - VDJ.pdf;page:11;question:2;item:2	ocr_ready
N4-VOCAB-2122	N4	n4_vocab_jlpt	2122	歩く	あるく	Đi bộ	BỘ			source_pdf:TỔNG HỢP KANJI N4 ĐÃ XUẤT HIỆN TẠI JLPT. NEW - VDJ.pdf;page:11;question:2;item:3	ocr_ready
N4-VOCAB-2123	N4	n4_vocab_jlpt	2123	便利	べんり	Tiện lợi	TIỆN LỢI			source_pdf:TỔNG HỢP KANJI N4 ĐÃ XUẤT HIỆN TẠI JLPT. NEW - VDJ.pdf;page:11;question:2;item:4	ocr_ready
N4-VOCAB-2124	N4	n4_vocab_jlpt	2124	眠い	ねむい	Buồn ngủ	MIÊN			source_pdf:TỔNG HỢP KANJI N4 ĐÃ XUẤT HIỆN TẠI JLPT. NEW - VDJ.pdf;page:11;question:2;item:5	ocr_ready
N4-VOCAB-2125	N4	n4_vocab_jlpt	2125	雪	ゆき	Tuyết	TUYẾT			source_pdf:TỔNG HỢP KANJI N4 ĐÃ XUẤT HIỆN TẠI JLPT. NEW - VDJ.pdf;page:11;question:2;item:6	ocr_ready
N4-VOCAB-2126	N4	n4_vocab_jlpt	2126	楽しい	たのしい	Vui	LẠC/NHẠC			source_pdf:TỔNG HỢP KANJI N4 ĐÃ XUẤT HIỆN TẠI JLPT. NEW - VDJ.pdf;page:12;question:1;item:1	ocr_ready
N4-VOCAB-2127	N4	n4_vocab_jlpt	2127	習う	ならう	Học	TẬP			source_pdf:TỔNG HỢP KANJI N4 ĐÃ XUẤT HIỆN TẠI JLPT. NEW - VDJ.pdf;page:12;question:1;item:2	ocr_ready
N4-VOCAB-2128	N4	n4_vocab_jlpt	2128	軽い	かるい	Nhẹ	KHINH			source_pdf:TỔNG HỢP KANJI N4 ĐÃ XUẤT HIỆN TẠI JLPT. NEW - VDJ.pdf;page:12;question:1;item:3	ocr_ready
N4-VOCAB-2129	N4	n4_vocab_jlpt	2129	食料品	しょくりょうひん	Thực phẩm	THỰC LIỆU PHẨM			source_pdf:TỔNG HỢP KANJI N4 ĐÃ XUẤT HIỆN TẠI JLPT. NEW - VDJ.pdf;page:12;question:1;item:4	ocr_ready
N4-VOCAB-2130	N4	n4_vocab_jlpt	2130	顔	かお	Khuôn mặt	NHAN			source_pdf:TỔNG HỢP KANJI N4 ĐÃ XUẤT HIỆN TẠI JLPT. NEW - VDJ.pdf;page:12;question:1;item:5	ocr_ready
N4-VOCAB-2131	N4	n4_vocab_jlpt	2131	予報	よほう	Dự báo	DƯ BÁO			source_pdf:TỔNG HỢP KANJI N4 ĐÃ XUẤT HIỆN TẠI JLPT. NEW - VDJ.pdf;page:12;question:1;item:6	ocr_ready
N4-VOCAB-2132	N4	n4_vocab_jlpt	2132	動く	うごく	Chuyển động	ĐỘNG			source_pdf:TỔNG HỢP KANJI N4 ĐÃ XUẤT HIỆN TẠI JLPT. NEW - VDJ.pdf;page:12;question:1;item:7	ocr_ready
N4-VOCAB-2133	N4	n4_vocab_jlpt	2133	世話	せわ	Chăm sóc	THẾ THOẠI			source_pdf:TỔNG HỢP KANJI N4 ĐÃ XUẤT HIỆN TẠI JLPT. NEW - VDJ.pdf;page:12;question:1;item:8	ocr_ready
N4-VOCAB-2134	N4	n4_vocab_jlpt	2134	特急	とっきゅう	Tàu tốc hành đb	ĐẶC CẤP			source_pdf:TỔNG HỢP KANJI N4 ĐÃ XUẤT HIỆN TẠI JLPT. NEW - VDJ.pdf;page:12;question:1;item:9	ocr_ready
N4-VOCAB-2135	N4	n4_vocab_jlpt	2135	映画	えいが	Phim	ÁNH HỌA			source_pdf:TỔNG HỢP KANJI N4 ĐÃ XUẤT HIỆN TẠI JLPT. NEW - VDJ.pdf;page:12;question:2;item:1	ocr_ready
N4-VOCAB-2136	N4	n4_vocab_jlpt	2136	泳ぐ	およぐ	Bơi	VỊNH			source_pdf:TỔNG HỢP KANJI N4 ĐÃ XUẤT HIỆN TẠI JLPT. NEW - VDJ.pdf;page:12;question:2;item:2	ocr_ready
N4-VOCAB-2137	N4	n4_vocab_jlpt	2137	売り場	うりば	Quầy bán	MẠI TRƯỜNG			source_pdf:TỔNG HỢP KANJI N4 ĐÃ XUẤT HIỆN TẠI JLPT. NEW - VDJ.pdf;page:12;question:2;item:3	ocr_ready
N4-VOCAB-2138	N4	n4_vocab_jlpt	2138	終わる	おわる	Kết thúc	CHUNG			source_pdf:TỔNG HỢP KANJI N4 ĐÃ XUẤT HIỆN TẠI JLPT. NEW - VDJ.pdf;page:12;question:2;item:4	ocr_ready
N4-VOCAB-2139	N4	n4_vocab_jlpt	2139	本屋	ほんや	Hiệu sách	BỔN ỐC			source_pdf:TỔNG HỢP KANJI N4 ĐÃ XUẤT HIỆN TẠI JLPT. NEW - VDJ.pdf;page:12;question:2;item:5	ocr_ready
N4-VOCAB-2140	N4	n4_vocab_jlpt	2140	係の人	かかりのひと	Người phụ trách	HỆ			source_pdf:TỔNG HỢP KANJI N4 ĐÃ XUẤT HIỆN TẠI JLPT. NEW - VDJ.pdf;page:12;question:2;item:6	ocr_ready
N4-VOCAB-2141	N4	n4_vocab_jlpt	2141	指	ゆび	Ngón tay	CHỈ			source_pdf:TỔNG HỢP KANJI N4 ĐÃ XUẤT HIỆN TẠI JLPT. NEW - VDJ.pdf;page:13;question:1;item:1	ocr_ready
N4-VOCAB-2142	N4	n4_vocab_jlpt	2142	旅行	りょこう	Du lịch	LỮ HÀNH			source_pdf:TỔNG HỢP KANJI N4 ĐÃ XUẤT HIỆN TẠI JLPT. NEW - VDJ.pdf;page:13;question:1;item:2	ocr_ready
N4-VOCAB-2143	N4	n4_vocab_jlpt	2143	急ぐ	いそぐ	Gấp, vội	CẤP			source_pdf:TỔNG HỢP KANJI N4 ĐÃ XUẤT HIỆN TẠI JLPT. NEW - VDJ.pdf;page:13;question:1;item:3	ocr_ready
N4-VOCAB-2144	N4	n4_vocab_jlpt	2144	工場	こうじょう	Nhà máy, xưởng	CÔNG TRƯỜNG			source_pdf:TỔNG HỢP KANJI N4 ĐÃ XUẤT HIỆN TẠI JLPT. NEW - VDJ.pdf;page:13;question:1;item:4	ocr_ready
N4-VOCAB-2145	N4	n4_vocab_jlpt	2145	妹	いもうと	Em gái	MUỘI			source_pdf:TỔNG HỢP KANJI N4 ĐÃ XUẤT HIỆN TẠI JLPT. NEW - VDJ.pdf;page:13;question:1;item:5	ocr_ready
N4-VOCAB-2146	N4	n4_vocab_jlpt	2146	待つ	まつ	Đợi	ĐÃI			source_pdf:TỔNG HỢP KANJI N4 ĐÃ XUẤT HIỆN TẠI JLPT. NEW - VDJ.pdf;page:13;question:1;item:6	ocr_ready
N4-VOCAB-2147	N4	n4_vocab_jlpt	2147	強い	つよい	Mạnh	CƯỜNG			source_pdf:TỔNG HỢP KANJI N4 ĐÃ XUẤT HIỆN TẠI JLPT. NEW - VDJ.pdf;page:13;question:1;item:7	ocr_ready
N4-VOCAB-2148	N4	n4_vocab_jlpt	2148	駅員	えきいん	Nhân viên nhà ga	DỊCH VIÊN			source_pdf:TỔNG HỢP KANJI N4 ĐÃ XUẤT HIỆN TẠI JLPT. NEW - VDJ.pdf;page:13;question:1;item:8	ocr_ready
N4-VOCAB-2149	N4	n4_vocab_jlpt	2149	医者	いしゃ	Bác sĩ	Y GIẢ			source_pdf:TỔNG HỢP KANJI N4 ĐÃ XUẤT HIỆN TẠI JLPT. NEW - VDJ.pdf;page:13;question:1;item:9	ocr_ready
N4-VOCAB-2150	N4	n4_vocab_jlpt	2150	反対	はんたい	Phản đối	PHẢN ĐỐI			source_pdf:TỔNG HỢP KANJI N4 ĐÃ XUẤT HIỆN TẠI JLPT. NEW - VDJ.pdf;page:13;question:2;item:1	ocr_ready
N4-VOCAB-2151	N4	n4_vocab_jlpt	2151	開く	ひらく	Mở (stk,...)	KHAI			source_pdf:TỔNG HỢP KANJI N4 ĐÃ XUẤT HIỆN TẠI JLPT. NEW - VDJ.pdf;page:13;question:2;item:2	ocr_ready
N4-VOCAB-2152	N4	n4_vocab_jlpt	2152	赤い	あかい	Đỏ	XÍCH			source_pdf:TỔNG HỢP KANJI N4 ĐÃ XUẤT HIỆN TẠI JLPT. NEW - VDJ.pdf;page:13;question:2;item:3	ocr_ready
N4-VOCAB-2153	N4	n4_vocab_jlpt	2153	走る	はしる	Chạy	TẨU			source_pdf:TỔNG HỢP KANJI N4 ĐÃ XUẤT HIỆN TẠI JLPT. NEW - VDJ.pdf;page:13;question:2;item:4	ocr_ready
N4-VOCAB-2154	N4	n4_vocab_jlpt	2154	暗い	くらい	Tối	ÁM			source_pdf:TỔNG HỢP KANJI N4 ĐÃ XUẤT HIỆN TẠI JLPT. NEW - VDJ.pdf;page:13;question:2;item:5	ocr_ready
N4-VOCAB-2155	N4	n4_vocab_jlpt	2155	味	あじ	Vị	VỊ			source_pdf:TỔNG HỢP KANJI N4 ĐÃ XUẤT HIỆN TẠI JLPT. NEW - VDJ.pdf;page:14;question:1;item:1	ocr_ready
N4-VOCAB-2156	N4	n4_vocab_jlpt	2156	世界	せかい	Thế giới	THẾ GIỚI			source_pdf:TỔNG HỢP KANJI N4 ĐÃ XUẤT HIỆN TẠI JLPT. NEW - VDJ.pdf;page:14;question:1;item:2	ocr_ready
N4-VOCAB-2157	N4	n4_vocab_jlpt	2157	考える	かんがえる	Suy nghĩ	KHẢO			source_pdf:TỔNG HỢP KANJI N4 ĐÃ XUẤT HIỆN TẠI JLPT. NEW - VDJ.pdf;page:14;question:1;item:3	ocr_ready
N4-VOCAB-2158	N4	n4_vocab_jlpt	2158	足りない	たりない	Không đủ	TÚC			source_pdf:TỔNG HỢP KANJI N4 ĐÃ XUẤT HIỆN TẠI JLPT. NEW - VDJ.pdf;page:14;question:1;item:4	ocr_ready
N4-VOCAB-2159	N4	n4_vocab_jlpt	2159	体	からだ	Cơ thể	THỂ			source_pdf:TỔNG HỢP KANJI N4 ĐÃ XUẤT HIỆN TẠI JLPT. NEW - VDJ.pdf;page:14;question:1;item:5	ocr_ready
N4-VOCAB-2160	N4	n4_vocab_jlpt	2160	今度	こんど	Lần tới	KIM ĐỘ			source_pdf:TỔNG HỢP KANJI N4 ĐÃ XUẤT HIỆN TẠI JLPT. NEW - VDJ.pdf;page:14;question:1;item:6	ocr_ready
N4-VOCAB-2161	N4	n4_vocab_jlpt	2161	営業	えいぎょう	Kinh doanh	DOANH NGHIỆP			source_pdf:TỔNG HỢP KANJI N4 ĐÃ XUẤT HIỆN TẠI JLPT. NEW - VDJ.pdf;page:14;question:1;item:7	ocr_ready
N4-VOCAB-2162	N4	n4_vocab_jlpt	2162	雲	くも	Mây	VÂN			source_pdf:TỔNG HỢP KANJI N4 ĐÃ XUẤT HIỆN TẠI JLPT. NEW - VDJ.pdf;page:14;question:1;item:8	ocr_ready
N4-VOCAB-2163	N4	n4_vocab_jlpt	2163	近所	きんじょ	Hàng xóm	CẬN SỞ			source_pdf:TỔNG HỢP KANJI N4 ĐÃ XUẤT HIỆN TẠI JLPT. NEW - VDJ.pdf;page:14;question:1;item:9	ocr_ready
N4-VOCAB-2164	N4	n4_vocab_jlpt	2164	薬	くすり	Thuốc	DƯỢC			source_pdf:TỔNG HỢP KANJI N4 ĐÃ XUẤT HIỆN TẠI JLPT. NEW - VDJ.pdf;page:14;question:2;item:1	ocr_ready
N4-VOCAB-2165	N4	n4_vocab_jlpt	2165	起きる	おきる	Thức dậy	KHỞI			source_pdf:TỔNG HỢP KANJI N4 ĐÃ XUẤT HIỆN TẠI JLPT. NEW - VDJ.pdf;page:14;question:2;item:2	ocr_ready
N4-VOCAB-2166	N4	n4_vocab_jlpt	2166	男性	だんせい	Nam giới	NAM TÍNH			source_pdf:TỔNG HỢP KANJI N4 ĐÃ XUẤT HIỆN TẠI JLPT. NEW - VDJ.pdf;page:14;question:2;item:3	ocr_ready
N4-VOCAB-2167	N4	n4_vocab_jlpt	2167	押す	おす	Ấn, nhấn, đẩy	ÁP			source_pdf:TỔNG HỢP KANJI N4 ĐÃ XUẤT HIỆN TẠI JLPT. NEW - VDJ.pdf;page:14;question:2;item:4	ocr_ready
N4-VOCAB-2168	N4	n4_vocab_jlpt	2168	送る	おくる	Gửi, tiễn	TỐNG			source_pdf:TỔNG HỢP KANJI N4 ĐÃ XUẤT HIỆN TẠI JLPT. NEW - VDJ.pdf;page:14;question:2;item:5	ocr_ready
N4-VOCAB-2169	N4	n4_vocab_jlpt	2169	運転	うんてん	Lái xe	VẬN CHUYỂN			source_pdf:TỔNG HỢP KANJI N4 ĐÃ XUẤT HIỆN TẠI JLPT. NEW - VDJ.pdf;page:14;question:2;item:6	ocr_ready
N4-VOCAB-2170	N4	n4_vocab_jlpt	2170	石	いし	Đá	THẠCH			source_pdf:TỔNG HỢP KANJI N4 ĐÃ XUẤT HIỆN TẠI JLPT. NEW - VDJ.pdf;page:15;question:1;item:1	ocr_ready
N4-VOCAB-2171	N4	n4_vocab_jlpt	2171	経験	けいけん	Kinh nghiệm/trải nghiệm	KINH NGHIỆM			source_pdf:TỔNG HỢP KANJI N4 ĐÃ XUẤT HIỆN TẠI JLPT. NEW - VDJ.pdf;page:15;question:1;item:2	ocr_ready
N4-VOCAB-2172	N4	n4_vocab_jlpt	2172	店員	てんいん	Nhân viên cửa hàng	ĐIỂM VIÊN			source_pdf:TỔNG HỢP KANJI N4 ĐÃ XUẤT HIỆN TẠI JLPT. NEW - VDJ.pdf;page:15;question:1;item:3	ocr_ready
N4-VOCAB-2173	N4	n4_vocab_jlpt	2173	食堂	しょくどう	Nhà ăn	THỰC ĐƯỜNG			source_pdf:TỔNG HỢP KANJI N4 ĐÃ XUẤT HIỆN TẠI JLPT. NEW - VDJ.pdf;page:15;question:1;item:4	ocr_ready
N4-VOCAB-2174	N4	n4_vocab_jlpt	2174	港	みなと	Cảng	CẢNG			source_pdf:TỔNG HỢP KANJI N4 ĐÃ XUẤT HIỆN TẠI JLPT. NEW - VDJ.pdf;page:15;question:1;item:5	ocr_ready
N4-VOCAB-2175	N4	n4_vocab_jlpt	2175	小説	しょうせつ	Tiểu thuyết	TIỂU THUYẾT			source_pdf:TỔNG HỢP KANJI N4 ĐÃ XUẤT HIỆN TẠI JLPT. NEW - VDJ.pdf;page:15;question:1;item:6	ocr_ready
N4-VOCAB-2176	N4	n4_vocab_jlpt	2176	日記	にっき	Nhật ký	NHẬT KÍ			source_pdf:TỔNG HỢP KANJI N4 ĐÃ XUẤT HIỆN TẠI JLPT. NEW - VDJ.pdf;page:15;question:1;item:7	ocr_ready
N4-VOCAB-2177	N4	n4_vocab_jlpt	2177	夕方	ゆうがた	Chiều tối	TỊCH PHƯƠNG			source_pdf:TỔNG HỢP KANJI N4 ĐÃ XUẤT HIỆN TẠI JLPT. NEW - VDJ.pdf;page:15;question:1;item:8	ocr_ready
N4-VOCAB-2178	N4	n4_vocab_jlpt	2178	秋	あき	Mùa thu	THU			source_pdf:TỔNG HỢP KANJI N4 ĐÃ XUẤT HIỆN TẠI JLPT. NEW - VDJ.pdf;page:15;question:1;item:9	ocr_ready
N4-VOCAB-2179	N4	n4_vocab_jlpt	2179	青い	あおい	Xanh da trời	THANH			source_pdf:TỔNG HỢP KANJI N4 ĐÃ XUẤT HIỆN TẠI JLPT. NEW - VDJ.pdf;page:15;question:2;item:1	ocr_ready
N4-VOCAB-2180	N4	n4_vocab_jlpt	2180	場所	ばしょ	Địa điểm	TRƯỜNG SỞ			source_pdf:TỔNG HỢP KANJI N4 ĐÃ XUẤT HIỆN TẠI JLPT. NEW - VDJ.pdf;page:15;question:2;item:2	ocr_ready
N4-VOCAB-2181	N4	n4_vocab_jlpt	2181	歩く	あるく	Đi bộ	BỘ			source_pdf:TỔNG HỢP KANJI N4 ĐÃ XUẤT HIỆN TẠI JLPT. NEW - VDJ.pdf;page:15;question:2;item:3	ocr_ready
N4-VOCAB-2182	N4	n4_vocab_jlpt	2182	便利	べんり	Tiện lợi	TIỆN LỢI			source_pdf:TỔNG HỢP KANJI N4 ĐÃ XUẤT HIỆN TẠI JLPT. NEW - VDJ.pdf;page:15;question:2;item:4	ocr_ready
N4-VOCAB-2183	N4	n4_vocab_jlpt	2183	眠い	ねむい	Buồn ngủ	MIÊN			source_pdf:TỔNG HỢP KANJI N4 ĐÃ XUẤT HIỆN TẠI JLPT. NEW - VDJ.pdf;page:15;question:2;item:5	ocr_ready
N4-VOCAB-2184	N4	n4_vocab_jlpt	2184	雪	ゆき	Tuyết	TUYẾT			source_pdf:TỔNG HỢP KANJI N4 ĐÃ XUẤT HIỆN TẠI JLPT. NEW - VDJ.pdf;page:15;question:2;item:6	ocr_ready
N4-VOCAB-2185	N4	n4_vocab_jlpt	2185	自分	じぶん	Tự mình	TỰ PHÂN			source_pdf:TỔNG HỢP KANJI N4 ĐÃ XUẤT HIỆN TẠI JLPT. NEW - VDJ.pdf;page:16;question:1;item:1	ocr_ready
N4-VOCAB-2186	N4	n4_vocab_jlpt	2186	旅館	りょかん	Lữ quán	LỮ QUÁN			source_pdf:TỔNG HỢP KANJI N4 ĐÃ XUẤT HIỆN TẠI JLPT. NEW - VDJ.pdf;page:16;question:1;item:2	ocr_ready
N4-VOCAB-2187	N4	n4_vocab_jlpt	2187	特に	とくに	Đặc biệt là	ĐẶC			source_pdf:TỔNG HỢP KANJI N4 ĐÃ XUẤT HIỆN TẠI JLPT. NEW - VDJ.pdf;page:16;question:1;item:3	ocr_ready
N4-VOCAB-2188	N4	n4_vocab_jlpt	2188	決める	きめる	Quyết định	QUYẾT			source_pdf:TỔNG HỢP KANJI N4 ĐÃ XUẤT HIỆN TẠI JLPT. NEW - VDJ.pdf;page:16;question:1;item:4	ocr_ready
N4-VOCAB-2189	N4	n4_vocab_jlpt	2189	進む	すすむ	Tiến lên	TIẾN			source_pdf:TỔNG HỢP KANJI N4 ĐÃ XUẤT HIỆN TẠI JLPT. NEW - VDJ.pdf;page:16;question:1;item:5	ocr_ready
N4-VOCAB-2190	N4	n4_vocab_jlpt	2190	運ぶ	はこぶ	Vận chuyển	VẬN			source_pdf:TỔNG HỢP KANJI N4 ĐÃ XUẤT HIỆN TẠI JLPT. NEW - VDJ.pdf;page:16;question:1;item:6	ocr_ready
N4-VOCAB-2191	N4	n4_vocab_jlpt	2191	空港	くうこう	Sân bay	KHÔNG CẢNG			source_pdf:TỔNG HỢP KANJI N4 ĐÃ XUẤT HIỆN TẠI JLPT. NEW - VDJ.pdf;page:16;question:1;item:7	ocr_ready
N4-VOCAB-2192	N4	n4_vocab_jlpt	2192	弱い	よわい	Yếu	NHƯỢC			source_pdf:TỔNG HỢP KANJI N4 ĐÃ XUẤT HIỆN TẠI JLPT. NEW - VDJ.pdf;page:16;question:1;item:8	ocr_ready
N4-VOCAB-2193	N4	n4_vocab_jlpt	2193	住所	じゅうしょ	Địa chỉ	TRÚ SỞ			source_pdf:TỔNG HỢP KANJI N4 ĐÃ XUẤT HIỆN TẠI JLPT. NEW - VDJ.pdf;page:16;question:1;item:9	ocr_ready
N4-VOCAB-2194	N4	n4_vocab_jlpt	2194	説明	せつめい	Giải thích	THUYẾT MINH			source_pdf:TỔNG HỢP KANJI N4 ĐÃ XUẤT HIỆN TẠI JLPT. NEW - VDJ.pdf;page:16;question:2;item:1	ocr_ready
N4-VOCAB-2195	N4	n4_vocab_jlpt	2195	起きる	おきる	Thức dậy	KHỞI			source_pdf:TỔNG HỢP KANJI N4 ĐÃ XUẤT HIỆN TẠI JLPT. NEW - VDJ.pdf;page:16;question:2;item:2	ocr_ready
N4-VOCAB-2196	N4	n4_vocab_jlpt	2196	遠い	とおい	Xa	VIỄN			source_pdf:TỔNG HỢP KANJI N4 ĐÃ XUẤT HIỆN TẠI JLPT. NEW - VDJ.pdf;page:16;question:2;item:3	ocr_ready
N4-VOCAB-2197	N4	n4_vocab_jlpt	2197	閉じる	とじる	Đóng (mắt, sách)	BẾ			source_pdf:TỔNG HỢP KANJI N4 ĐÃ XUẤT HIỆN TẠI JLPT. NEW - VDJ.pdf;page:16;question:2;item:4	ocr_ready
N4-VOCAB-2198	N4	n4_vocab_jlpt	2198	野菜	やさい	Rau	DÃ THÁI			source_pdf:TỔNG HỢP KANJI N4 ĐÃ XUẤT HIỆN TẠI JLPT. NEW - VDJ.pdf;page:16;question:2;item:5	ocr_ready
